geneSet,description,link,size,overlap,expect,enrichmentRatio,pValue,FDR,overlapId,userId
GO:0098552,side of membrane,http://amigo.geneontology.org/amigo/term/GO:0098552,471,25,5.482481667,4.559978769,2.53E-10,2.96E-07,356;640;941;942;958;1493;2044;2690;3092;3117;3119;3120;3122;3123;3559;3575;3595;3684;3815;5788;7187;29851;55867;84299;121665,ENSG00000196610;ENSG00000206305;ENSG00000230726;ENSG00000157404;ENSG00000231286;ENSG00000236418;ENSG00000127946;ENSG00000136573;ENSG00000157837;ENSG00000228987;ENSG00000224305;ENSG00000228254;ENSG00000117560;ENSG00000169896;ENSG00000226165;ENSG00000229493;ENSG00000163599;ENSG00000227993;ENSG00000101017;ENSG00000121594;ENSG00000081985;ENSG00000228813;ENSG00000145242;ENSG00000206240;ENSG00000168685;ENSG00000134460;ENSG00000141741;ENSG00000206308;ENSG00000228284;ENSG00000131323;ENSG00000226260;ENSG00000204287;ENSG00000232629;ENSG00000114013;ENSG00000232062;ENSG00000081237;ENSG00000163600;ENSG00000168065;ENSG00000225890;ENSG00000196735;ENSG00000234794;ENSG00000112964
GO:0071556,integral component of lumenal side of endoplasmic reticulum membrane,http://amigo.geneontology.org/amigo/term/GO:0071556,24,6,0.279362123,21.4775,2.61E-07,1.02E-04,3117;3119;3120;3122;3123;121665,ENSG00000196610;ENSG00000206305;ENSG00000230726;ENSG00000231286;ENSG00000236418;ENSG00000157837;ENSG00000228987;ENSG00000224305;ENSG00000228254;ENSG00000226165;ENSG00000229493;ENSG00000227993;ENSG00000228813;ENSG00000206240;ENSG00000206308;ENSG00000228284;ENSG00000226260;ENSG00000204287;ENSG00000232629;ENSG00000232062;ENSG00000225890;ENSG00000196735;ENSG00000234794
GO:0098553,lumenal side of endoplasmic reticulum membrane,http://amigo.geneontology.org/amigo/term/GO:0098553,24,6,0.279362123,21.4775,2.61E-07,1.02E-04,3117;3119;3120;3122;3123;121665,ENSG00000196610;ENSG00000206305;ENSG00000230726;ENSG00000231286;ENSG00000236418;ENSG00000157837;ENSG00000228987;ENSG00000224305;ENSG00000228254;ENSG00000226165;ENSG00000229493;ENSG00000227993;ENSG00000228813;ENSG00000206240;ENSG00000206308;ENSG00000228284;ENSG00000226260;ENSG00000204287;ENSG00000232629;ENSG00000232062;ENSG00000225890;ENSG00000196735;ENSG00000234794
GO:0042613,MHC class II protein complex,http://amigo.geneontology.org/amigo/term/GO:0042613,15,5,0.174601327,28.63666667,5.55E-07,1.62E-04,3117;3119;3120;3122;3123,ENSG00000196610;ENSG00000206305;ENSG00000230726;ENSG00000231286;ENSG00000236418;ENSG00000228987;ENSG00000224305;ENSG00000228254;ENSG00000226165;ENSG00000229493;ENSG00000227993;ENSG00000228813;ENSG00000206240;ENSG00000206308;ENSG00000228284;ENSG00000226260;ENSG00000204287;ENSG00000232629;ENSG00000232062;ENSG00000225890;ENSG00000196735;ENSG00000234794
GO:0012506,vesicle membrane,http://amigo.geneontology.org/amigo/term/GO:0012506,754,26,8.776626702,2.962413793,7.13E-07,1.67E-04,818;949;1601;1609;1813;2212;2885;3092;3117;3119;3120;3122;3123;3382;3575;3684;5328;5788;6857;9474;23057;51715;113146;121260;192683;200734,ENSG00000196610;ENSG00000206305;ENSG00000230726;ENSG00000231286;ENSG00000236418;ENSG00000177885;ENSG00000127946;ENSG00000228987;ENSG00000224305;ENSG00000198794;ENSG00000185567;ENSG00000228254;ENSG00000198369;ENSG00000122861;ENSG00000169896;ENSG00000226165;ENSG00000229493;ENSG00000139370;ENSG00000227993;ENSG00000112210;ENSG00000153071;ENSG00000003147;ENSG00000148660;ENSG00000228813;ENSG00000206240;ENSG00000168685;ENSG00000206308;ENSG00000228284;ENSG00000073060;ENSG00000226260;ENSG00000204287;ENSG00000232629;ENSG00000057663;ENSG00000145214;ENSG00000143226;ENSG00000232062;ENSG00000149295;ENSG00000081237;ENSG00000225890;ENSG00000196735;ENSG00000234794;ENSG00000067715;ENSG00000157064
GO:0009986,cell surface,http://amigo.geneontology.org/amigo/term/GO:0009986,768,26,8.939587941,2.908411458,1.01E-06,1.88E-04,356;941;942;949;958;1493;2044;2191;2690;3122;3123;3559;3575;3595;3684;3815;4853;4855;5328;5788;7292;8516;29851;55867;83416;222663,ENSG00000230726;ENSG00000157404;ENSG00000143297;ENSG00000228987;ENSG00000122861;ENSG00000117560;ENSG00000169896;ENSG00000163599;ENSG00000227993;ENSG00000117586;ENSG00000101017;ENSG00000121594;ENSG00000081985;ENSG00000078098;ENSG00000145242;ENSG00000206240;ENSG00000146197;ENSG00000168685;ENSG00000077943;ENSG00000134460;ENSG00000206308;ENSG00000073060;ENSG00000226260;ENSG00000204287;ENSG00000114013;ENSG00000081237;ENSG00000163600;ENSG00000168065;ENSG00000204301;ENSG00000134250;ENSG00000234794;ENSG00000112964
GO:0009897,external side of plasma membrane,http://amigo.geneontology.org/amigo/term/GO:0009897,282,15,3.282504947,4.569680851,1.13E-06,1.88E-04,356;941;942;958;1493;2044;2690;3559;3575;3595;3684;3815;5788;29851;55867,ENSG00000157404;ENSG00000117560;ENSG00000169896;ENSG00000163599;ENSG00000101017;ENSG00000121594;ENSG00000081985;ENSG00000145242;ENSG00000168685;ENSG00000134460;ENSG00000114013;ENSG00000081237;ENSG00000163600;ENSG00000168065;ENSG00000112964
GO:0042611,MHC protein complex,http://amigo.geneontology.org/amigo/term/GO:0042611,21,5,0.244441858,20.4547619,3.55E-06,5.19E-04,3117;3119;3120;3122;3123,ENSG00000196610;ENSG00000206305;ENSG00000230726;ENSG00000231286;ENSG00000236418;ENSG00000228987;ENSG00000224305;ENSG00000228254;ENSG00000226165;ENSG00000229493;ENSG00000227993;ENSG00000228813;ENSG00000206240;ENSG00000206308;ENSG00000228284;ENSG00000226260;ENSG00000204287;ENSG00000232629;ENSG00000232062;ENSG00000225890;ENSG00000196735;ENSG00000234794
GO:0030665,clathrin-coated vesicle membrane,http://amigo.geneontology.org/amigo/term/GO:0030665,106,9,1.233849377,7.294245283,4.06E-06,5.27E-04,1601;3092;3117;3119;3120;3122;3123;3575;6857,ENSG00000196610;ENSG00000206305;ENSG00000230726;ENSG00000231286;ENSG00000236418;ENSG00000127946;ENSG00000228987;ENSG00000224305;ENSG00000228254;ENSG00000226165;ENSG00000229493;ENSG00000227993;ENSG00000153071;ENSG00000228813;ENSG00000206240;ENSG00000168685;ENSG00000206308;ENSG00000228284;ENSG00000226260;ENSG00000204287;ENSG00000232629;ENSG00000232062;ENSG00000225890;ENSG00000196735;ENSG00000234794;ENSG00000067715
GO:0030659,cytoplasmic vesicle membrane,http://amigo.geneontology.org/amigo/term/GO:0030659,733,24,8.532184845,2.812878581,4.82E-06,5.63E-04,818;949;1601;1813;2212;3092;3117;3119;3120;3122;3123;3382;3575;3684;5328;5788;6857;9474;23057;51715;113146;121260;192683;200734,ENSG00000196610;ENSG00000206305;ENSG00000230726;ENSG00000231286;ENSG00000236418;ENSG00000127946;ENSG00000228987;ENSG00000224305;ENSG00000198794;ENSG00000185567;ENSG00000228254;ENSG00000198369;ENSG00000122861;ENSG00000169896;ENSG00000226165;ENSG00000229493;ENSG00000139370;ENSG00000227993;ENSG00000112210;ENSG00000153071;ENSG00000003147;ENSG00000148660;ENSG00000228813;ENSG00000206240;ENSG00000168685;ENSG00000206308;ENSG00000228284;ENSG00000073060;ENSG00000226260;ENSG00000204287;ENSG00000232629;ENSG00000057663;ENSG00000143226;ENSG00000232062;ENSG00000149295;ENSG00000081237;ENSG00000225890;ENSG00000196735;ENSG00000234794;ENSG00000067715;ENSG00000157064
GO:0030139,endocytic vesicle,http://amigo.geneontology.org/amigo/term/GO:0030139,286,14,3.329065301,4.205384615,6.77E-06,7.19E-04,818;949;1493;1813;3092;3117;3119;3120;3122;3123;4688;9474;23380;51715,ENSG00000196610;ENSG00000206305;ENSG00000230726;ENSG00000231286;ENSG00000236418;ENSG00000127946;ENSG00000228987;ENSG00000224305;ENSG00000228254;ENSG00000226165;ENSG00000229493;ENSG00000163599;ENSG00000227993;ENSG00000112210;ENSG00000148660;ENSG00000228813;ENSG00000206240;ENSG00000266028;ENSG00000206308;ENSG00000228284;ENSG00000073060;ENSG00000226260;ENSG00000204287;ENSG00000232629;ENSG00000057663;ENSG00000232062;ENSG00000149295;ENSG00000225890;ENSG00000116701;ENSG00000196735;ENSG00000234794
GO:0045334,clathrin-coated endocytic vesicle,http://amigo.geneontology.org/amigo/term/GO:0045334,63,7,0.733325573,9.545555556,8.31E-06,8.09E-04,1493;3092;3117;3119;3120;3122;3123,ENSG00000196610;ENSG00000206305;ENSG00000230726;ENSG00000231286;ENSG00000236418;ENSG00000127946;ENSG00000228987;ENSG00000224305;ENSG00000228254;ENSG00000226165;ENSG00000229493;ENSG00000163599;ENSG00000227993;ENSG00000228813;ENSG00000206240;ENSG00000206308;ENSG00000228284;ENSG00000226260;ENSG00000204287;ENSG00000232629;ENSG00000232062;ENSG00000225890;ENSG00000196735;ENSG00000234794
GO:0030669,clathrin-coated endocytic vesicle membrane,http://amigo.geneontology.org/amigo/term/GO:0030669,44,6,0.512163892,11.715,1.13E-05,0.001012532,3092;3117;3119;3120;3122;3123,ENSG00000196610;ENSG00000206305;ENSG00000230726;ENSG00000231286;ENSG00000236418;ENSG00000127946;ENSG00000228987;ENSG00000224305;ENSG00000228254;ENSG00000226165;ENSG00000229493;ENSG00000227993;ENSG00000228813;ENSG00000206240;ENSG00000206308;ENSG00000228284;ENSG00000226260;ENSG00000204287;ENSG00000232629;ENSG00000232062;ENSG00000225890;ENSG00000196735;ENSG00000234794
GO:0030666,endocytic vesicle membrane,http://amigo.geneontology.org/amigo/term/GO:0030666,158,10,1.839133977,5.437341772,1.64E-05,0.001365611,818;949;3092;3117;3119;3120;3122;3123;9474;51715,ENSG00000196610;ENSG00000206305;ENSG00000230726;ENSG00000231286;ENSG00000236418;ENSG00000127946;ENSG00000228987;ENSG00000224305;ENSG00000228254;ENSG00000226165;ENSG00000229493;ENSG00000227993;ENSG00000112210;ENSG00000148660;ENSG00000228813;ENSG00000206240;ENSG00000206308;ENSG00000228284;ENSG00000073060;ENSG00000226260;ENSG00000204287;ENSG00000232629;ENSG00000057663;ENSG00000232062;ENSG00000225890;ENSG00000196735;ENSG00000234794
GO:0031226,intrinsic component of plasma membrane,http://amigo.geneontology.org/amigo/term/GO:0031226,1632,38,18.99662437,2.000355392,2.55E-05,0.001982032,356;735;949;958;1493;1813;1815;2044;2064;2619;2690;2842;3117;3122;3595;3654;3684;3815;4688;4853;4855;5788;6336;7187;7292;8516;8807;9375;25780;27255;28514;29851;53841;55867;84299;84570;84628;117532,ENSG00000141736;ENSG00000206305;ENSG00000230726;ENSG00000157404;ENSG00000236418;ENSG00000185313;ENSG00000149488;ENSG00000099834;ENSG00000228987;ENSG00000113600;ENSG00000184216;ENSG00000117560;ENSG00000169896;ENSG00000163599;ENSG00000227993;ENSG00000117586;ENSG00000101017;ENSG00000081985;ENSG00000188517;ENSG00000145242;ENSG00000152689;ENSG00000077943;ENSG00000141741;ENSG00000206308;ENSG00000115607;ENSG00000228284;ENSG00000131323;ENSG00000073060;ENSG00000226260;ENSG00000204287;ENSG00000125304;ENSG00000232062;ENSG00000149295;ENSG00000081237;ENSG00000276825;ENSG00000163600;ENSG00000168065;ENSG00000225890;ENSG00000180447;ENSG00000116701;ENSG00000196735;ENSG00000204301;ENSG00000134115;ENSG00000273572;ENSG00000134250;ENSG00000234794;ENSG00000198719;ENSG00000196358;ENSG00000112964;ENSG00000183150
GO:0030136,clathrin-coated vesicle,http://amigo.geneontology.org/amigo/term/GO:0030136,180,10,2.095215924,4.772777778,5.01E-05,0.003658293,1493;1601;3092;3117;3119;3120;3122;3123;3575;6857,ENSG00000196610;ENSG00000206305;ENSG00000230726;ENSG00000231286;ENSG00000236418;ENSG00000127946;ENSG00000228987;ENSG00000224305;ENSG00000228254;ENSG00000226165;ENSG00000229493;ENSG00000163599;ENSG00000227993;ENSG00000153071;ENSG00000228813;ENSG00000206240;ENSG00000168685;ENSG00000206308;ENSG00000228284;ENSG00000226260;ENSG00000204287;ENSG00000232629;ENSG00000232062;ENSG00000225890;ENSG00000196735;ENSG00000234794;ENSG00000067715
GO:0032588,trans-Golgi network membrane,http://amigo.geneontology.org/amigo/term/GO:0032588,89,7,1.035967873,6.756966292,8.02E-05,0.00550932,3117;3119;3120;3122;3123;57511;192683,ENSG00000196610;ENSG00000206305;ENSG00000230726;ENSG00000231286;ENSG00000236418;ENSG00000228987;ENSG00000224305;ENSG00000198794;ENSG00000228254;ENSG00000226165;ENSG00000229493;ENSG00000227993;ENSG00000228813;ENSG00000206240;ENSG00000133103;ENSG00000206308;ENSG00000228284;ENSG00000226260;ENSG00000204287;ENSG00000232629;ENSG00000232062;ENSG00000225890;ENSG00000196735;ENSG00000234794
GO:0030658,transport vesicle membrane,http://amigo.geneontology.org/amigo/term/GO:0030658,195,10,2.269817251,4.405641026,9.79E-05,0.006354222,1813;3117;3119;3120;3122;3123;3382;6857;192683;200734,ENSG00000196610;ENSG00000206305;ENSG00000230726;ENSG00000231286;ENSG00000236418;ENSG00000228987;ENSG00000224305;ENSG00000198794;ENSG00000228254;ENSG00000198369;ENSG00000226165;ENSG00000229493;ENSG00000227993;ENSG00000003147;ENSG00000228813;ENSG00000206240;ENSG00000206308;ENSG00000228284;ENSG00000226260;ENSG00000204287;ENSG00000232629;ENSG00000232062;ENSG00000149295;ENSG00000225890;ENSG00000196735;ENSG00000234794;ENSG00000067715
GO:0005794,Golgi apparatus,http://amigo.geneontology.org/amigo/term/GO:0005794,1490,34,17.34373181,1.960362416,1.08E-04,0.006669747,1493;2885;3092;3117;3119;3120;3122;3123;3382;4249;4853;4855;5592;6311;6857;7813;7903;8626;9518;9770;9910;10390;10745;10847;11044;23057;23274;29940;57511;60684;79932;121665;192683;394263,ENSG00000196610;ENSG00000206305;ENSG00000230726;ENSG00000231286;ENSG00000236418;ENSG00000177885;ENSG00000127946;ENSG00000157837;ENSG00000067208;ENSG00000228987;ENSG00000224305;ENSG00000111817;ENSG00000198794;ENSG00000073282;ENSG00000228254;ENSG00000112941;ENSG00000226165;ENSG00000229493;ENSG00000163599;ENSG00000227993;ENSG00000168538;ENSG00000130513;ENSG00000003147;ENSG00000228813;ENSG00000231350;ENSG00000206240;ENSG00000133103;ENSG00000101265;ENSG00000038532;ENSG00000152127;ENSG00000152061;ENSG00000206308;ENSG00000228284;ENSG00000226260;ENSG00000113532;ENSG00000204287;ENSG00000232629;ENSG00000232062;ENSG00000080603;ENSG00000185532;ENSG00000225890;ENSG00000196735;ENSG00000134255;ENSG00000204842;ENSG00000204301;ENSG00000134250;ENSG00000116793;ENSG00000234794;ENSG00000142687;ENSG00000067715;ENSG00000157064
GO:0030662,coated vesicle membrane,http://amigo.geneontology.org/amigo/term/GO:0030662,168,9,1.955534862,4.602321429,1.57E-04,0.009194913,1601;3092;3117;3119;3120;3122;3123;3575;6857,ENSG00000196610;ENSG00000206305;ENSG00000230726;ENSG00000231286;ENSG00000236418;ENSG00000127946;ENSG00000228987;ENSG00000224305;ENSG00000228254;ENSG00000226165;ENSG00000229493;ENSG00000227993;ENSG00000153071;ENSG00000228813;ENSG00000206240;ENSG00000168685;ENSG00000206308;ENSG00000228284;ENSG00000226260;ENSG00000204287;ENSG00000232629;ENSG00000232062;ENSG00000225890;ENSG00000196735;ENSG00000234794;ENSG00000067715
GO:0098805,whole membrane,http://amigo.geneontology.org/amigo/term/GO:0098805,1603,35,18.65906181,1.875764192,2.01E-04,0.011157242,356;818;949;1445;1601;1813;1820;2064;2212;3092;3117;3119;3120;3122;3123;3382;3575;3654;3684;3717;5328;5788;6857;9375;9474;9641;23274;28514;51715;55332;91056;121260;121665;192683;200734,ENSG00000141736;ENSG00000196610;ENSG00000206305;ENSG00000136048;ENSG00000230726;ENSG00000231286;ENSG00000236418;ENSG00000127946;ENSG00000157837;ENSG00000116017;ENSG00000228987;ENSG00000224305;ENSG00000198794;ENSG00000184216;ENSG00000228254;ENSG00000198369;ENSG00000122861;ENSG00000096968;ENSG00000117560;ENSG00000169896;ENSG00000226165;ENSG00000229493;ENSG00000139370;ENSG00000227993;ENSG00000112210;ENSG00000153071;ENSG00000003147;ENSG00000254470;ENSG00000148660;ENSG00000103653;ENSG00000228813;ENSG00000206240;ENSG00000168685;ENSG00000038532;ENSG00000206308;ENSG00000228284;ENSG00000073060;ENSG00000226260;ENSG00000204287;ENSG00000232629;ENSG00000057663;ENSG00000125304;ENSG00000143226;ENSG00000232062;ENSG00000149295;ENSG00000081237;ENSG00000225890;ENSG00000263528;ENSG00000196735;ENSG00000234794;ENSG00000198719;ENSG00000067715
GO:0005887,integral component of plasma membrane,http://amigo.geneontology.org/amigo/term/GO:0005887,1555,34,18.10033756,1.878418006,2.44E-04,0.012971036,356;735;949;958;1493;1813;1815;2044;2064;2690;2842;3117;3122;3595;3654;3684;3815;4688;4853;4855;5788;6336;7187;7292;8516;8807;9375;25780;28514;29851;53841;55867;84570;117532,ENSG00000141736;ENSG00000206305;ENSG00000230726;ENSG00000157404;ENSG00000236418;ENSG00000185313;ENSG00000149488;ENSG00000099834;ENSG00000228987;ENSG00000113600;ENSG00000184216;ENSG00000117560;ENSG00000169896;ENSG00000163599;ENSG00000227993;ENSG00000117586;ENSG00000101017;ENSG00000081985;ENSG00000188517;ENSG00000145242;ENSG00000152689;ENSG00000077943;ENSG00000206308;ENSG00000115607;ENSG00000228284;ENSG00000131323;ENSG00000073060;ENSG00000226260;ENSG00000204287;ENSG00000125304;ENSG00000232062;ENSG00000149295;ENSG00000081237;ENSG00000276825;ENSG00000163600;ENSG00000168065;ENSG00000225890;ENSG00000116701;ENSG00000196735;ENSG00000204301;ENSG00000273572;ENSG00000134250;ENSG00000234794;ENSG00000198719;ENSG00000112964;ENSG00000183150
GO:0044433,cytoplasmic vesicle part,http://amigo.geneontology.org/amigo/term/GO:0044433,1439,32,16.7500873,1.910437804,2.83E-04,0.014367714,356;818;949;1601;1813;2064;2212;3092;3117;3119;3120;3122;3123;3382;3575;3654;3684;3717;5328;5788;6857;9375;9474;9641;23057;23274;51715;113146;121260;121665;192683;200734,ENSG00000141736;ENSG00000196610;ENSG00000206305;ENSG00000230726;ENSG00000231286;ENSG00000236418;ENSG00000127946;ENSG00000157837;ENSG00000228987;ENSG00000224305;ENSG00000198794;ENSG00000184216;ENSG00000185567;ENSG00000228254;ENSG00000198369;ENSG00000122861;ENSG00000096968;ENSG00000117560;ENSG00000169896;ENSG00000226165;ENSG00000229493;ENSG00000139370;ENSG00000227993;ENSG00000112210;ENSG00000153071;ENSG00000003147;ENSG00000148660;ENSG00000228813;ENSG00000206240;ENSG00000168685;ENSG00000038532;ENSG00000206308;ENSG00000228284;ENSG00000073060;ENSG00000226260;ENSG00000204287;ENSG00000232629;ENSG00000057663;ENSG00000125304;ENSG00000143226;ENSG00000232062;ENSG00000149295;ENSG00000081237;ENSG00000225890;ENSG00000263528;ENSG00000196735;ENSG00000234794;ENSG00000067715;ENSG00000157064
GO:0030135,coated vesicle,http://amigo.geneontology.org/amigo/term/GO:0030135,274,11,3.189384239,3.448941606,3.78E-04,0.018382326,1493;1601;3092;3117;3119;3120;3122;3123;3575;6857;57216,ENSG00000196610;ENSG00000206305;ENSG00000230726;ENSG00000231286;ENSG00000236418;ENSG00000127946;ENSG00000228987;ENSG00000224305;ENSG00000228254;ENSG00000226165;ENSG00000229493;ENSG00000163599;ENSG00000227993;ENSG00000153071;ENSG00000228813;ENSG00000206240;ENSG00000162738;ENSG00000168685;ENSG00000206308;ENSG00000228284;ENSG00000226260;ENSG00000204287;ENSG00000232629;ENSG00000232062;ENSG00000225890;ENSG00000196735;ENSG00000234794;ENSG00000067715
GO:0030133,transport vesicle,http://amigo.geneontology.org/amigo/term/GO:0030133,371,13,4.31847282,3.01032345,4.20E-04,0.018526458,1813;3117;3119;3120;3122;3123;3382;6494;6857;8269;114088;192683;200734,ENSG00000196610;ENSG00000206305;ENSG00000230726;ENSG00000177854;ENSG00000231286;ENSG00000236418;ENSG00000213445;ENSG00000228987;ENSG00000224305;ENSG00000198794;ENSG00000100505;ENSG00000228254;ENSG00000198369;ENSG00000226165;ENSG00000229493;ENSG00000227993;ENSG00000003147;ENSG00000228813;ENSG00000206240;ENSG00000206308;ENSG00000228284;ENSG00000226260;ENSG00000204287;ENSG00000232629;ENSG00000232062;ENSG00000149295;ENSG00000225890;ENSG00000196735;ENSG00000234794;ENSG00000067715
GO:0045177,apical part of cell,http://amigo.geneontology.org/amigo/term/GO:0045177,372,13,4.330112909,3.002231183,4.31E-04,0.018526458,2064;2191;6557;8516;23418;28514;51199;53841;55867;57216;57619;80736;116085,ENSG00000141736;ENSG00000074803;ENSG00000099834;ENSG00000197891;ENSG00000228263;ENSG00000134376;ENSG00000204385;ENSG00000078098;ENSG00000162738;ENSG00000077943;ENSG00000100503;ENSG00000138771;ENSG00000168065;ENSG00000273572;ENSG00000198719
GO:0005768,endosome,http://amigo.geneontology.org/amigo/term/GO:0005768,860,22,10.01047608,2.197697674,4.47E-04,0.018526458,1027;1609;2064;2885;3117;3119;3120;3122;3123;3654;3717;7187;9375;9402;9641;9873;9910;23057;23274;51715;55604;192683,ENSG00000141736;ENSG00000196610;ENSG00000206305;ENSG00000079691;ENSG00000230726;ENSG00000231286;ENSG00000236418;ENSG00000177885;ENSG00000228987;ENSG00000224305;ENSG00000198794;ENSG00000184216;ENSG00000228254;ENSG00000096968;ENSG00000137478;ENSG00000226165;ENSG00000229493;ENSG00000227993;ENSG00000112210;ENSG00000228813;ENSG00000206240;ENSG00000038532;ENSG00000152061;ENSG00000206308;ENSG00000228284;ENSG00000131323;ENSG00000111276;ENSG00000226260;ENSG00000204287;ENSG00000232629;ENSG00000145214;ENSG00000125304;ENSG00000232062;ENSG00000225890;ENSG00000263528;ENSG00000100351;ENSG00000196735;ENSG00000234794;ENSG00000157064
GO:0005773,vacuole,http://amigo.geneontology.org/amigo/term/GO:0005773,746,20,8.683505995,2.303217158,4.56E-04,0.018526458,356;949;1601;2581;3117;3119;3120;3122;3123;3815;4688;7128;8013;9258;9474;23274;51715;55332;91056;121260,ENSG00000196610;ENSG00000206305;ENSG00000136048;ENSG00000230726;ENSG00000157404;ENSG00000231286;ENSG00000236418;ENSG00000228987;ENSG00000224305;ENSG00000147324;ENSG00000228254;ENSG00000117560;ENSG00000226165;ENSG00000229493;ENSG00000139370;ENSG00000227993;ENSG00000112210;ENSG00000153071;ENSG00000254470;ENSG00000228813;ENSG00000206240;ENSG00000118503;ENSG00000285022;ENSG00000038532;ENSG00000206308;ENSG00000228284;ENSG00000054983;ENSG00000073060;ENSG00000226260;ENSG00000204287;ENSG00000232629;ENSG00000057663;ENSG00000232062;ENSG00000225890;ENSG00000119508;ENSG00000116701;ENSG00000196735;ENSG00000234794
GO:0005912,adherens junction,http://amigo.geneontology.org/amigo/term/GO:0005912,527,16,6.134326621,2.608273245,4.60E-04,0.018526458,1601;1656;2191;3717;3936;3984;4026;5328;5788;8516;23418;28514;29119;54806;57619;157285,ENSG00000136167;ENSG00000183230;ENSG00000122861;ENSG00000096968;ENSG00000106683;ENSG00000153071;ENSG00000134376;ENSG00000275342;ENSG00000145012;ENSG00000078098;ENSG00000077943;ENSG00000110367;ENSG00000135541;ENSG00000138771;ENSG00000081237;ENSG00000198719
GO:0012507,ER to Golgi transport vesicle membrane,http://amigo.geneontology.org/amigo/term/GO:0012507,57,5,0.663485042,7.535964912,5.21E-04,0.020073908,3117;3119;3120;3122;3123,ENSG00000196610;ENSG00000206305;ENSG00000230726;ENSG00000231286;ENSG00000236418;ENSG00000228987;ENSG00000224305;ENSG00000228254;ENSG00000226165;ENSG00000229493;ENSG00000227993;ENSG00000228813;ENSG00000206240;ENSG00000206308;ENSG00000228284;ENSG00000226260;ENSG00000204287;ENSG00000232629;ENSG00000232062;ENSG00000225890;ENSG00000196735;ENSG00000234794
GO:0030134,COPII-coated ER to Golgi transport vesicle,http://amigo.geneontology.org/amigo/term/GO:0030134,87,6,1.012687696,5.924827586,5.33E-04,0.020073908,3117;3119;3120;3122;3123;57216,ENSG00000196610;ENSG00000206305;ENSG00000230726;ENSG00000231286;ENSG00000236418;ENSG00000228987;ENSG00000224305;ENSG00000228254;ENSG00000226165;ENSG00000229493;ENSG00000227993;ENSG00000228813;ENSG00000206240;ENSG00000162738;ENSG00000206308;ENSG00000228284;ENSG00000226260;ENSG00000204287;ENSG00000232629;ENSG00000232062;ENSG00000225890;ENSG00000196735;ENSG00000234794
GO:0070161,anchoring junction,http://amigo.geneontology.org/amigo/term/GO:0070161,542,16,6.308927948,2.536088561,6.23E-04,0.022244282,1601;1656;2191;3717;3936;3984;4026;5328;5788;8516;23418;28514;29119;54806;57619;157285,ENSG00000136167;ENSG00000183230;ENSG00000122861;ENSG00000096968;ENSG00000106683;ENSG00000153071;ENSG00000134376;ENSG00000275342;ENSG00000145012;ENSG00000078098;ENSG00000077943;ENSG00000110367;ENSG00000135541;ENSG00000138771;ENSG00000081237;ENSG00000198719
GO:0098636,protein complex involved in cell adhesion,http://amigo.geneontology.org/amigo/term/GO:0098636,34,4,0.395763008,10.10705882,6.28E-04,0.022244282,941;1493;3684;8516,ENSG00000169896;ENSG00000163599;ENSG00000121594;ENSG00000077943
GO:0005764,lysosome,http://amigo.geneontology.org/amigo/term/GO:0005764,655,18,7.624257944,2.360885496,6.64E-04,0.02228533,356;949;1601;2581;3117;3119;3120;3122;3123;3815;4688;7128;8013;9258;23274;55332;91056;121260,ENSG00000196610;ENSG00000206305;ENSG00000136048;ENSG00000230726;ENSG00000157404;ENSG00000231286;ENSG00000236418;ENSG00000228987;ENSG00000224305;ENSG00000147324;ENSG00000228254;ENSG00000117560;ENSG00000226165;ENSG00000229493;ENSG00000139370;ENSG00000227993;ENSG00000153071;ENSG00000254470;ENSG00000228813;ENSG00000206240;ENSG00000118503;ENSG00000285022;ENSG00000038532;ENSG00000206308;ENSG00000228284;ENSG00000054983;ENSG00000073060;ENSG00000226260;ENSG00000204287;ENSG00000232629;ENSG00000232062;ENSG00000225890;ENSG00000119508;ENSG00000116701;ENSG00000196735;ENSG00000234794
GO:0000323,lytic vacuole,http://amigo.geneontology.org/amigo/term/GO:0000323,656,18,7.635898033,2.357286585,6.76E-04,0.02228533,356;949;1601;2581;3117;3119;3120;3122;3123;3815;4688;7128;8013;9258;23274;55332;91056;121260,ENSG00000196610;ENSG00000206305;ENSG00000136048;ENSG00000230726;ENSG00000157404;ENSG00000231286;ENSG00000236418;ENSG00000228987;ENSG00000224305;ENSG00000147324;ENSG00000228254;ENSG00000117560;ENSG00000226165;ENSG00000229493;ENSG00000139370;ENSG00000227993;ENSG00000153071;ENSG00000254470;ENSG00000228813;ENSG00000206240;ENSG00000118503;ENSG00000285022;ENSG00000038532;ENSG00000206308;ENSG00000228284;ENSG00000054983;ENSG00000073060;ENSG00000226260;ENSG00000204287;ENSG00000232629;ENSG00000232062;ENSG00000225890;ENSG00000119508;ENSG00000116701;ENSG00000196735;ENSG00000234794
GO:0043235,receptor complex,http://amigo.geneontology.org/amigo/term/GO:0043235,391,13,4.55127459,2.856342711,6.87E-04,0.02228533,958;2044;2064;2690;3595;3654;3684;3815;4853;7187;8516;8807;83416,ENSG00000141736;ENSG00000157404;ENSG00000143297;ENSG00000184216;ENSG00000169896;ENSG00000101017;ENSG00000081985;ENSG00000145242;ENSG00000077943;ENSG00000115607;ENSG00000131323;ENSG00000134250;ENSG00000112964
GO:0098797,plasma membrane protein complex,http://amigo.geneontology.org/amigo/term/GO:0098797,551,16,6.413688744,2.494664247,7.42E-04,0.023435763,735;958;2885;3092;3117;3119;3120;3122;3123;3654;3684;4688;6336;7187;8516;8807,ENSG00000196610;ENSG00000206305;ENSG00000230726;ENSG00000231286;ENSG00000236418;ENSG00000185313;ENSG00000177885;ENSG00000127946;ENSG00000228987;ENSG00000224305;ENSG00000113600;ENSG00000184216;ENSG00000228254;ENSG00000169896;ENSG00000226165;ENSG00000229493;ENSG00000227993;ENSG00000101017;ENSG00000228813;ENSG00000206240;ENSG00000077943;ENSG00000206308;ENSG00000115607;ENSG00000228284;ENSG00000131323;ENSG00000226260;ENSG00000204287;ENSG00000232629;ENSG00000232062;ENSG00000225890;ENSG00000116701;ENSG00000196735;ENSG00000234794
GO:0098590,plasma membrane region,http://amigo.geneontology.org/amigo/term/GO:0098590,1151,26,13.39774182,1.940625543,8.84E-04,0.027157873,356;949;1813;2064;2191;3092;3684;3717;3936;6336;6557;6857;8516;8844;23380;23418;27255;28514;53841;55867;57216;57479;57619;80736;84628;116085,ENSG00000141736;ENSG00000185313;ENSG00000127946;ENSG00000074803;ENSG00000099834;ENSG00000136167;ENSG00000197891;ENSG00000141068;ENSG00000228263;ENSG00000096968;ENSG00000117560;ENSG00000169896;ENSG00000134376;ENSG00000204385;ENSG00000078098;ENSG00000162738;ENSG00000077943;ENSG00000266028;ENSG00000073060;ENSG00000138771;ENSG00000149295;ENSG00000126464;ENSG00000168065;ENSG00000134115;ENSG00000273572;ENSG00000198719;ENSG00000196358;ENSG00000067715
GO:0030054,cell junction,http://amigo.geneontology.org/amigo/term/GO:0030054,1239,27,14.42206961,1.872130751,0.00119431,0.035768067,1445;1601;1656;2191;2885;3382;3717;3815;3936;3984;4026;5328;5788;6857;8516;23380;23418;28514;29119;51715;54806;57216;57479;57619;114088;157285;192683,ENSG00000157404;ENSG00000177885;ENSG00000136167;ENSG00000183230;ENSG00000198794;ENSG00000100505;ENSG00000122861;ENSG00000096968;ENSG00000112210;ENSG00000106683;ENSG00000153071;ENSG00000003147;ENSG00000134376;ENSG00000275342;ENSG00000103653;ENSG00000145012;ENSG00000078098;ENSG00000162738;ENSG00000077943;ENSG00000266028;ENSG00000110367;ENSG00000135541;ENSG00000138771;ENSG00000126464;ENSG00000081237;ENSG00000198719;ENSG00000067715
GO:0005802,trans-Golgi network,http://amigo.geneontology.org/amigo/term/GO:0005802,226,9,2.630659993,3.42119469,0.001351396,0.038753517,3117;3119;3120;3122;3123;6311;23057;57511;192683,ENSG00000196610;ENSG00000206305;ENSG00000230726;ENSG00000231286;ENSG00000236418;ENSG00000228987;ENSG00000224305;ENSG00000198794;ENSG00000228254;ENSG00000226165;ENSG00000229493;ENSG00000227993;ENSG00000228813;ENSG00000206240;ENSG00000133103;ENSG00000206308;ENSG00000228284;ENSG00000226260;ENSG00000204287;ENSG00000232629;ENSG00000232062;ENSG00000225890;ENSG00000196735;ENSG00000204842;ENSG00000234794;ENSG00000157064
GO:0030660,Golgi-associated vesicle membrane,http://amigo.geneontology.org/amigo/term/GO:0030660,104,6,1.2105692,4.956346154,0.001360355,0.038753517,3117;3119;3120;3122;3123;121665,ENSG00000196610;ENSG00000206305;ENSG00000230726;ENSG00000231286;ENSG00000236418;ENSG00000157837;ENSG00000228987;ENSG00000224305;ENSG00000228254;ENSG00000226165;ENSG00000229493;ENSG00000227993;ENSG00000228813;ENSG00000206240;ENSG00000206308;ENSG00000228284;ENSG00000226260;ENSG00000204287;ENSG00000232629;ENSG00000232062;ENSG00000225890;ENSG00000196735;ENSG00000234794
GO:0098588,bounding membrane of organelle,http://amigo.geneontology.org/amigo/term/GO:0098588,1989,38,23.15213596,1.641317245,0.001397776,0.038871493,818;949;1601;1813;2064;2212;3092;3117;3119;3120;3122;3123;3382;3575;3654;3684;4249;4853;4855;5328;5788;6857;7903;9375;9474;9641;23057;23274;29940;51715;55332;57511;79932;91056;121260;121665;192683;200734,ENSG00000141736;ENSG00000196610;ENSG00000206305;ENSG00000136048;ENSG00000230726;ENSG00000231286;ENSG00000236418;ENSG00000127946;ENSG00000157837;ENSG00000228987;ENSG00000224305;ENSG00000111817;ENSG00000198794;ENSG00000184216;ENSG00000228254;ENSG00000198369;ENSG00000122861;ENSG00000169896;ENSG00000226165;ENSG00000229493;ENSG00000139370;ENSG00000227993;ENSG00000112210;ENSG00000153071;ENSG00000003147;ENSG00000254470;ENSG00000148660;ENSG00000228813;ENSG00000206240;ENSG00000168685;ENSG00000133103;ENSG00000038532;ENSG00000152127;ENSG00000206308;ENSG00000228284;ENSG00000073060;ENSG00000226260;ENSG00000113532;ENSG00000204287;ENSG00000232629;ENSG00000057663;ENSG00000125304;ENSG00000143226;ENSG00000232062;ENSG00000149295;ENSG00000081237;ENSG00000225890;ENSG00000263528;ENSG00000196735;ENSG00000204301;ENSG00000134250;ENSG00000234794;ENSG00000142687;ENSG00000067715;ENSG00000157064
GO:0044451,nucleoplasm part,http://amigo.geneontology.org/amigo/term/GO:0044451,1068,24,12.43161448,1.930561798,0.001507812,0.040956369,190;473;1609;2672;3984;4261;4299;5469;6631;6932;7015;8110;8559;9641;10499;10847;23030;23081;28996;51755;55140;55604;64895;65059,ENSG00000079691;ENSG00000162676;ENSG00000165630;ENSG00000125686;ENSG00000169297;ENSG00000142599;ENSG00000179583;ENSG00000127663;ENSG00000134014;ENSG00000106683;ENSG00000115421;ENSG00000167258;ENSG00000205683;ENSG00000064393;ENSG00000164362;ENSG00000173166;ENSG00000145214;ENSG00000080603;ENSG00000081059;ENSG00000263528;ENSG00000140396;ENSG00000107077;ENSG00000172493;ENSG00000124562